{"cameraMatrix": [[13096.969105217451, 0.0, 1928.2530034487895], [0.0, 3695.8252612315655, 1132.366721587224], [0.0, 0.0, 1.0]], "distCoeffs": [[-0.5211601889731449, -4.019164193144541, 0.02339799765045582, -0.024171195356643516, 21.037954585407658]], "newCameraMatrix": [[12923.4052734375, 0.0, 1905.2368209151318], [0.0, 3417.888427734375, 1170.9211689004806], [0.0, 0.0, 1.0]], "validPixROI": [0, 0, 3839, 2159]}