{"transform_matrix": [[0.9548137765120235, -0.07872134859540622, -70.21436415041873], [-0.03614921996252487, 0.8215731809664742, -31.722583663477504], [-3.384370756865075e-05, -0.00042524422591428383, 1.0]], "maxWidth": 500, "maxHeight": 377}